question,favoured_url
"Ich gehe auf die Hochschule RheinMain in Wiesbaden, muss ich während der Vorlesung eine Maske tragen?",https://www.wiesbaden.de/leben-in-wiesbaden/gesundheit/gesundheitsfoerderung/corona-schulen-und-kitas.php
Kann mein Kind in Wiesbaden einfach in die Schule gehen?,https://www.wiesbaden.de/leben-in-wiesbaden/gesundheit/gesundheitsfoerderung/corona-schulen-und-kitas.php
Wie sieht es in Wiesbaden mit meinem Kind aus?,https://www.wiesbaden.de/leben-in-wiesbaden/gesundheit/gesundheitsfoerderung/corona-schulen-und-kitas.php
Muss ich in Wiesbaden irgendwas mit Schulen beachten?,https://www.wiesbaden.de/leben-in-wiesbaden/gesundheit/gesundheitsfoerderung/corona-schulen-und-kitas.php
Was ist mit den Kitas in Wiesbaden?,https://www.wiesbaden.de/leben-in-wiesbaden/gesundheit/gesundheitsfoerderung/corona-schulen-und-kitas.php
Gibt es in Wiesbaden irgendwas mit den Schulen oder Kitas zu beachten?,https://www.wiesbaden.de/leben-in-wiesbaden/gesundheit/gesundheitsfoerderung/corona-schulen-und-kitas.php
Müssen meine Kinder in Wiesbaden in Schulen Makse tragen?,https://www.wiesbaden.de/leben-in-wiesbaden/gesundheit/gesundheitsfoerderung/corona-schulen-und-kitas.php
Können meine Kinder in Wiesbaden in die Kita?,https://www.wiesbaden.de/leben-in-wiesbaden/gesundheit/gesundheitsfoerderung/corona-schulen-und-kitas.php
"Mein Kind geht in die Hochschule RheinMain in Wiesbaden, was hat es zu beachten?",https://www.wiesbaden.de/leben-in-wiesbaden/gesundheit/gesundheitsfoerderung/corona-schulen-und-kitas.php
"Ich gehe auf die Hochschule RheinMain in Wiesbaden, kann ich da normal in die Mensa?",https://www.wiesbaden.de/leben-in-wiesbaden/gesundheit/gesundheitsfoerderung/corona-schulen-und-kitas.php
"Mein Kind besucht die Hochschule RheinMain in Wiesbaden, was hat es zu beachten?",https://www.wiesbaden.de/leben-in-wiesbaden/gesundheit/gesundheitsfoerderung/corona-schulen-und-kitas.php
"Ich besuche die Hochschule RheinMain in Wiesbaden, kann ich da normal in die Mensa?",https://www.wiesbaden.de/leben-in-wiesbaden/gesundheit/gesundheitsfoerderung/corona-schulen-und-kitas.php
Was mache ich mit meinem Kind in Wiesbaden?,https://www.wiesbaden.de/leben-in-wiesbaden/gesundheit/gesundheitsfoerderung/corona-schulen-und-kitas.php
Kann meine Tochter in Wiesbaden normal in die Uni?,https://www.wiesbaden.de/leben-in-wiesbaden/gesundheit/gesundheitsfoerderung/corona-schulen-und-kitas.php
Muss mein Sohn in der Wiesbadener Uni eine Maske tragen?,https://www.wiesbaden.de/leben-in-wiesbaden/gesundheit/gesundheitsfoerderung/corona-schulen-und-kitas.php
"Meine Nichte geht in Wiesbaden auf die Uni, muss sie eine Maske tragen?",https://www.wiesbaden.de/leben-in-wiesbaden/gesundheit/gesundheitsfoerderung/corona-schulen-und-kitas.php
"Mein Neffe besucht die Wiesbadener Hochschule, muss er eine Maske tragen?",https://www.wiesbaden.de/leben-in-wiesbaden/gesundheit/gesundheitsfoerderung/corona-schulen-und-kitas.php
"Muss ich meine Tochter testen, bevor ich sie in die Kita bringe?",https://www.wiesbaden.de/leben-in-wiesbaden/gesundheit/gesundheitsfoerderung/corona-schulen-und-kitas.php
Muss ich meinen Sohn vor einem Kita besuch testen?,https://www.wiesbaden.de/leben-in-wiesbaden/gesundheit/gesundheitsfoerderung/corona-schulen-und-kitas.php
Ist ein Kitabesuch für meinen Sohn einfach möglich?,https://www.wiesbaden.de/leben-in-wiesbaden/gesundheit/gesundheitsfoerderung/corona-schulen-und-kitas.php
Was gilt aktuell in Baden Württemberg?,https://www.baden-wuerttemberg.de/de/service/alle-meldungen/meldung/pid/aktuelle-aenderungen-der-corona-verordnungen/
Was gilt aktuell in Baden Wuerttemberg?,https://www.baden-wuerttemberg.de/de/service/alle-meldungen/meldung/pid/aktuelle-aenderungen-der-corona-verordnungen/
Was muss ich aktuell in Baden Württemberg beachten?,https://www.baden-wuerttemberg.de/de/service/alle-meldungen/meldung/pid/aktuelle-aenderungen-der-corona-verordnungen/
Was muss ich in Baden Würrtemberg beim Sport beachten?,"https://km-bw.de/,Lde/startseite/sonderseiten/corona-verordnung-sport"
Kann ich in Baden Würrtemberg normal Sport machen?,"https://km-bw.de/,Lde/startseite/sonderseiten/corona-verordnung-sport"
Outdoor Sport in Baden Würrtemberg?,"https://km-bw.de/,Lde/startseite/sonderseiten/corona-verordnung-sport"
Kann ich in Baden Würrtemberg normal Sport machen?,"https://km-bw.de/,Lde/startseite/sonderseiten/corona-verordnung-sport"
Was gilt in Baden Würrtemberg beim Sport?,"https://km-bw.de/,Lde/startseite/sonderseiten/corona-verordnung-sport"
Lockdown in Baden-Württemberg?,https://www.lpb-bw.de/coronavirus-covid-19
Ist Baden-Württemberg in einem Lockdown?,https://www.lpb-bw.de/coronavirus-covid-20
Gibt es in Baden-Württemberg einen Lockdown?,https://www.lpb-bw.de/coronavirus-covid-21
Was muss ist mit 3G in Baden-Württemberg?,https://www.lpb-bw.de/coronavirus-covid-22
3G in Baden-Württemberg?,https://www.lpb-bw.de/coronavirus-covid-23
Was gilt aktuell in Baden-Württemberg?,https://www.swr.de/swr1/bw/programm/lockdown-2020-2021-100.html
Was muss ich aktuell in Baden Württemberg beachten?,https://www.swr.de/swr1/bw/programm/lockdown-2020-2021-100.html
Welche Regeln gelten aktuell in Baden-Württemberg?,https://www.swr.de/swr1/bw/programm/lockdown-2020-2021-100.html
Gibt es in Baden-Württemberg Lockerungen für Geimpfte oder Genesene?,https://www.swr.de/swr1/bw/programm/lockdown-2020-2021-100.html
Welche Lockerungen gibt es in Baden-Würrtemberg?,https://www.swr.de/swr1/bw/programm/lockdown-2020-2021-100.html
Impfung in Bremen?,https://www.bremen.de/corona/gegen-corona-impfen
Wo kann ich mich in Bremen impfen lassen?,https://www.bremen.de/corona/gegen-corona-impfen
Impfen in Bremen?,https://www.bremen.de/corona/gegen-corona-impfen
Wo gibt es die Coronaimpfung in Bremen?,https://www.bremen.de/corona/gegen-corona-impfen
Wie sieht es mit der Coronaimpunf in Bremen aus?,https://www.bremen.de/corona/gegen-corona-impfen
Bekomme ich eine Coronaimpfung in Bremen?,https://www.bremen.de/corona/gegen-corona-impfen
Habe ich in Bremen ein Recht auf eine Impfung?,https://www.bremen.de/corona/gegen-corona-impfen
Muss ich mich für eine Impfung in Bremen anmelden?,https://www.bremen.de/corona/gegen-corona-impfen
"Wo muss ich in Bremen hin, um eine Coronaimpfung zu erhalten?",https://www.bremen.de/corona/gegen-corona-impfen
Wo ist ein Impfzentrum in Bremen?,https://www.bremen.de/corona/gegen-corona-impfen
Kann ich in Hamburg Sport machen?,https://www.hamburg.de/faq-sport/
Welche Sportanlagen sind in Hamburg geöffnet?,https://www.hamburg.de/faq-sport/
Wann kann ich in Hamburg draußen Sport machen?,https://www.hamburg.de/faq-sport/
Mit wie vielen Leuten darf ich zusammen Sport in Hamburg machen?,https://www.hamburg.de/faq-sport/
Was bedeutet 2G oder 3G für den Sport in Hamburg?,https://www.hamburg.de/faq-sport/
Mit wie vielen Leuten darf ich in Hamburg Sport treiben?,https://www.hamburg.de/faq-sport/
Was ist mit Publikum beim Sport in hamburg?,https://www.hamburg.de/faq-sport/
Gibt es in Hamburg Ausnahmen für Berufssportler?,https://www.hamburg.de/faq-sport/
"Unter welchen Voraussetzungen dürfen Fitness-, Sport, Yoga- und EMS-Studios geöffnet werden?",https://www.hamburg.de/faq-sport/
Brauche ich einen negativen Test für Sport in Hamburg?,https://www.hamburg.de/faq-sport/
Müssen Kontaktdaten beim Sport in Hamburg hinterlegt werden?,https://www.hamburg.de/faq-sport/
Sind Hamburger Swimmbäder geöffnet?,https://www.hamburg.de/faq-sport/
Darf ich mich in Hamburg nach dem Sport duschen?,https://www.hamburg.de/faq-sport/
Gelten andere Regelungen für Geimpfte oder Genesene beim Sport in Hamburg?,https://www.hamburg.de/faq-sport/
Was gilt aktuell im Sport für Hamburg?,https://www.hamburg.de/corona-sport/
Was gilt aktuell für den Sport in Hamburg?,https://www.hamburg.de/corona-sport/
Welche Regelung gibt es für die Durchführung des Sommersemesters an den staatlichen Hamburger Hochschulen?,https://www.hamburg.de/faq-corona-hochschulen/
Gibt es Präsenzunterricht an Hamburger Hochschulen?,https://www.hamburg.de/faq-corona-hochschulen/
"Mein Studium vezögert sich, bekomme ich trotzdem BAföG in Hamburg?",https://www.hamburg.de/faq-corona-hochschulen/
Unterscheiden sich die Regeln in Hamburg von Hochschule zu Hochschule?,https://www.hamburg.de/faq-corona-hochschulen/
Wie werden Prüfungen an Hamburger Unis geschrieben?,https://www.hamburg.de/faq-corona-hochschulen/
Gibt es an Mecklenburg-Vorpommerns Schulen Präsenzunterricht?,https://www.regierung-mv.de/Landesregierung/bm/Blickpunkte/Coronavirus/Coronavirus-%E2%80%93-Informationen-f%C3%BCr-schule/
Kann mein Kind in Mecklenburg-Vorpommern normal in die Schule gehen?,https://www.regierung-mv.de/Landesregierung/bm/Blickpunkte/Coronavirus/Coronavirus-%E2%80%93-Informationen-f%C3%BCr-schule/
Muss meine Tochter in Mecklenburg-Vorpommern eine Maske während des Unterrichts tragen?,https://www.regierung-mv.de/Landesregierung/bm/Blickpunkte/Coronavirus/Coronavirus-%E2%80%93-Informationen-f%C3%BCr-schule/
Muss mein Sohn in Mecklenburg-Vorpommern in die Schule gehen?,https://www.regierung-mv.de/Landesregierung/bm/Blickpunkte/Coronavirus/Coronavirus-%E2%80%93-Informationen-f%C3%BCr-schule/
"Ich möchte nicht, dass mein Sohn in Mecklenburg-Vorpommern in die Schule geht",https://www.regierung-mv.de/Landesregierung/bm/Blickpunkte/Coronavirus/Coronavirus-%E2%80%93-Informationen-f%C3%BCr-schule/
"Wir kommen nach den Sommerferien aus dem Urlaub, welche Auswirkung hat das für mein Kind in der Schule?",https://www.regierung-mv.de/Landesregierung/bm/Blickpunkte/Coronavirus/Coronavirus-%E2%80%93-Informationen-f%C3%BCr-schule/
"Was gibt es für mein Kind zu beachten, wenn wir aus den Sommerferien zurückkommen?",https://www.regierung-mv.de/Landesregierung/bm/Blickpunkte/Coronavirus/Coronavirus-%E2%80%93-Informationen-f%C3%BCr-schule/
"Mein Kin war über die Ferien im Urlaub, kann es morgen normal in die Schule?",https://www.regierung-mv.de/Landesregierung/bm/Blickpunkte/Coronavirus/Coronavirus-%E2%80%93-Informationen-f%C3%BCr-schule/
Was gilt aktuell in Niedersachsen?,https://www.niedersachsen.de/Coronavirus/vorschriften-der-landesregierung-185856.html
Welche Vorschriften gelten aktuell in Niedersachsen?,https://www.niedersachsen.de/Coronavirus/vorschriften-der-landesregierung-185856.html
Welche Testverordnungen gibt es in Niedersachsen?,https://www.niedersachsen.de/Coronavirus/vorschriften-der-landesregierung-185856.html
Welche Vorschriften gelten aktuell in Niedersachsen?,https://www.niedersachsen.de/Coronavirus/vorschriften-der-landesregierung-185856.html
Was muss ich aktuell in Niedersachsen beachten?,https://www.niedersachsen.de/Coronavirus/vorschriften-der-landesregierung-185856.html
Wie sieht der Alltag in Niedersachsen aus?,https://www.niedersachsen.de/Coronavirus/antworten-auf-haufig-gestellte-fragen-faq-185463.html
Kann ich wie gewohnt in Niedersachsen reisen?,https://www.niedersachsen.de/Coronavirus/antworten-auf-haufig-gestellte-fragen-faq-185463.html
"Ich plane in den Urlaub zu fliegen, gehts das so einfach in Niedersachen?",https://www.niedersachsen.de/Coronavirus/FAQ/reisen-und-tourismus-antworten-auf-haufig-gestellte-fragen-186671.html
"Ich plane eine Auslandsreise, komme ich danach wieder nach Niedersachsen zurück?",https://www.niedersachsen.de/Coronavirus/FAQ/reisen-und-tourismus-antworten-auf-haufig-gestellte-fragen-186671.html
Welche Reisebestimmungen gelten in Niedersachen?,https://www.niedersachsen.de/Coronavirus/FAQ/reisen-und-tourismus-antworten-auf-haufig-gestellte-fragen-186671.html
Kann ich trotz Corona in Niedersachsen reisen?,https://www.niedersachsen.de/Coronavirus/FAQ/reisen-und-tourismus-antworten-auf-haufig-gestellte-fragen-186671.html
Gibt es in Niedersachsen eine Testpflicht beim Reisen?,https://www.niedersachsen.de/Coronavirus/FAQ/reisen-und-tourismus-antworten-auf-haufig-gestellte-fragen-186671.html
Gibt es eine Einreisequarantäne in Niedersachsen?,https://www.niedersachsen.de/Coronavirus/FAQ/reisen-und-tourismus-antworten-auf-haufig-gestellte-fragen-186671.html
"Gibt es eine Einreisequarantäne in Niedersachsen, wenn ich aus keinem Risikogebiet komme?",https://www.niedersachsen.de/Coronavirus/FAQ/reisen-und-tourismus-antworten-auf-haufig-gestellte-fragen-186671.html
Was muss ich beim Impfen in Niedersachsen beachten?,https://www.niedersachsen.de/Coronavirus/FAQ/faq-impfung-195559.html
Gibt es Besonderheiten beim Impfen in Niedersachsen?,https://www.niedersachsen.de/Coronavirus/FAQ/faq-impfung-195559.html
Kann ich meine Kinder in Niedersachsen impfen lassen?,https://www.niedersachsen.de/Coronavirus/FAQ/faq-impfung-195559.html
Kann ich in Niedersachsen meinen Impftermin stornieren?,https://www.niedersachsen.de/Coronavirus/FAQ/faq-impfung-195559.html
Wann wird in Niedersachsen zu einer Impfung geraten?,https://www.niedersachsen.de/Coronavirus/FAQ/faq-impfung-195559.html
Wann wird in Niedersachsen von einer Impfung abgeraten?,https://www.niedersachsen.de/Coronavirus/FAQ/faq-impfung-195559.html
Sollte ich mein Kind in Niedersachsen impfen lassen?,https://www.niedersachsen.de/Coronavirus/FAQ/faq-impfung-195559.html
Kann ich mich als schwangere Frau in Niedersachsen impfen lassen?,https://www.niedersachsen.de/Coronavirus/FAQ/faq-impfung-195559.html
Brauche ich in Niedersachsen eine Auffrischimpfung?,https://www.niedersachsen.de/Coronavirus/FAQ/faq-impfung-195559.html
Wie erhalte ich in Niedersachsen einen Impftermin?,https://www.niedersachsen.de/Coronavirus/FAQ/faq-impfung-195559.html
Muss ich mich in Niedersachsen bei meinem Impftermin ausweisen?,https://www.niedersachsen.de/Coronavirus/FAQ/faq-impfung-195559.html
Wie lange dauert eine Impfung in Niedersachsen?,https://www.niedersachsen.de/Coronavirus/FAQ/faq-impfung-195559.html
Kann ich meinen Mann zu seiner Impfung in Niedersachsen begleiten?,https://www.niedersachsen.de/Coronavirus/FAQ/faq-impfung-195559.html
Kann ich meine Mutter zu ihrer Coronaimpfung in Niedersachsen begleiten?,https://www.niedersachsen.de/Coronavirus/FAQ/faq-impfung-195559.html
Wo kann ich mich in Niedersachsen impfen lassen?,https://www.niedersachsen.de/Coronavirus/FAQ/faq-impfung-195559.html
Welche Impfzentren gibt es in Niedersachsen?,https://www.niedersachsen.de/Coronavirus/FAQ/faq-impfung-195559.html
Welche Kontaktregelungen gelten in Niedersachsen?,https://www.niedersachsen.de/Coronavirus/FAQ/antworten-auf-haufig-gestellte-fragen-faq-186686.html
Welche Kontaktbeschränkungen gibt es in Niedersachsen?,https://www.niedersachsen.de/Coronavirus/FAQ/antworten-auf-haufig-gestellte-fragen-faq-186686.html
Was ist die 3G-Regel in Niedersachsen?,https://www.niedersachsen.de/Coronavirus/FAQ/antworten-auf-haufig-gestellte-fragen-faq-186686.html
Kann ich in Niedersachsen meine Hochzeit feiern?,https://www.niedersachsen.de/Coronavirus/FAQ/antworten-auf-haufig-gestellte-fragen-faq-186686.html
Kann ich in Niedersachsen mit der 3G-Regel meine Hochzeit feiern?,https://www.niedersachsen.de/Coronavirus/FAQ/antworten-auf-haufig-gestellte-fragen-faq-186686.html
Kann ich in Niedersachsen zum Friseur gehen?,https://www.niedersachsen.de/Coronavirus/FAQ/antworten-auf-haufig-gestellte-fragen-faq-186686.html
Brauche ich in Niedersachsen eine Makse beim Frisuer?,https://www.niedersachsen.de/Coronavirus/FAQ/antworten-auf-haufig-gestellte-fragen-faq-186686.html
Muss ich auf einem Wochenmarkt in Niedersachsen eine Maske tragen?,https://www.niedersachsen.de/Coronavirus/FAQ/antworten-auf-haufig-gestellte-fragen-faq-186686.html
Gibt es in Niedersachsen in der Gastronomie eine 2G oder 3G Regel?,https://www.niedersachsen.de/Coronavirus/FAQ/antworten-auf-haufig-gestellte-fragen-faq-186686.html
Kann ich in Niedersachsen essen gehen?,https://www.niedersachsen.de/Coronavirus/FAQ/antworten-auf-haufig-gestellte-fragen-faq-186686.html
"Was ist, wenn ich mich in Niedersachsen nicht testen oder impfen lassen möchte?",https://www.niedersachsen.de/Coronavirus/FAQ/antworten-auf-haufig-gestellte-fragen-faq-186686.html
Brauche ich in Niedersachse eine Maske im Bus?,https://www.niedersachsen.de/Coronavirus/FAQ/antworten-auf-haufig-gestellte-fragen-faq-186686.html
Kann ich in Niedersachsen draußen Sport machen?,https://www.niedersachsen.de/Coronavirus/FAQ/antworten-auf-haufig-gestellte-fragen-faq-186686.html
Was ist mit Zuschauern bei Sportveranstaltungen in Niedersachsen?,https://www.niedersachsen.de/Coronavirus/FAQ/antworten-auf-haufig-gestellte-fragen-faq-186686.html
Kann ich in Niedersachsen Wählen gehen?,https://www.niedersachsen.de/Coronavirus/FAQ/antworten-auf-haufig-gestellte-fragen-faq-186686.html
"Brauche ich einen negativen Test, um in Niedersachsen wählen zu gehen?",https://www.niedersachsen.de/Coronavirus/FAQ/antworten-auf-haufig-gestellte-fragen-faq-186686.html
"Ich muss in Niedersachsen kurzfristig in Quarantäne, darf ich trotzdem wählen?",https://www.niedersachsen.de/Coronavirus/FAQ/antworten-auf-haufig-gestellte-fragen-faq-186686.html
Wie viele Menschen dürfen in Niedersachsen gleichzeitiig ins Wahllokal?,https://www.niedersachsen.de/Coronavirus/FAQ/antworten-auf-haufig-gestellte-fragen-faq-186686.html
Wer gilt in Niedersachsen als Vollständig geimpft?,https://www.niedersachsen.de/Coronavirus/Testung/covid-19-testung-antworten-auf-haufig-gestellte-fragen-198180.html
Wer gilt in Niedersachsen als Vollständig genesen?,https://www.niedersachsen.de/Coronavirus/Testung/covid-19-testung-antworten-auf-haufig-gestellte-fragen-198180.html
Wo kann ich mich in Niedersachsen testen lassen?,https://www.niedersachsen.de/Coronavirus/Testung/covid-19-testung-antworten-auf-haufig-gestellte-fragen-198180.html
Sind die Tests in Niedersachsen weiterhin kostenlos?,https://www.niedersachsen.de/Coronavirus/Testung/covid-19-testung-antworten-auf-haufig-gestellte-fragen-198180.html
Muss ich mich auf der Arbeit in Niedersachsen testen lassen?,https://www.niedersachsen.de/Coronavirus/Testung/covid-19-testung-antworten-auf-haufig-gestellte-fragen-198180.html
Wer darf mich in Niedersachsen testen?,https://www.niedersachsen.de/Coronavirus/Testung/covid-19-testung-antworten-auf-haufig-gestellte-fragen-198180.html
"Ich möchte endlich wieder in eine Bar in Niedersachsen, welchen Test brauche ich?",https://www.niedersachsen.de/Coronavirus/Testung/covid-19-testung-antworten-auf-haufig-gestellte-fragen-198180.html
"Ich möchte endlich wieder in einem Club in Niedersachsen, welchen Test brauche ich?",https://www.niedersachsen.de/Coronavirus/Testung/covid-19-testung-antworten-auf-haufig-gestellte-fragen-198180.html
"Muss ich meine Kinder testen lassen, wenn ich in Niedersachsen essen gehen möchte?",https://www.niedersachsen.de/Coronavirus/Testung/covid-19-testung-antworten-auf-haufig-gestellte-fragen-198180.html
Was muss ich mit der 3G-Regel in Niedersachsen beachten?,https://www.niedersachsen.de/Coronavirus/Testung/covid-19-testung-antworten-auf-haufig-gestellte-fragen-198180.html
Kann ich in Niedersachsen in ein Nagelstudio oder Sonnenstudio?,https://www.niedersachsen.de/Coronavirus/FAQ/antworten-auf-haufig-gestellte-fragen-faq-186686.html
Wird auch mit 3G eine Maske in Niedersachsen benötigt?,https://www.niedersachsen.de/Coronavirus/FAQ/alltagsmaskenpflicht-in-niedersachsen-antworten-auf-haufig-gestellte-fragen-187161.html
Reicht in Niedersachsen eine Stoffmaske aus?,https://www.niedersachsen.de/Coronavirus/FAQ/alltagsmaskenpflicht-in-niedersachsen-antworten-auf-haufig-gestellte-fragen-187161.html
Welche Maske kann ich in Niedersachsen tragen?,https://www.niedersachsen.de/Coronavirus/FAQ/alltagsmaskenpflicht-in-niedersachsen-antworten-auf-haufig-gestellte-fragen-187161.html
Muss ich in Niedersachsen im Büro eine Maske tragen?,https://www.niedersachsen.de/Coronavirus/FAQ/alltagsmaskenpflicht-in-niedersachsen-antworten-auf-haufig-gestellte-fragen-187161.html
Wem muss ich in Niedersachsen Bescheinigungen zeigen?,https://www.niedersachsen.de/Coronavirus/FAQ/alltagsmaskenpflicht-in-niedersachsen-antworten-auf-haufig-gestellte-fragen-187161.html
Muss ich in Niedersachen beim Betreten einer Bank eine Maske tragen?,https://www.niedersachsen.de/Coronavirus/FAQ/alltagsmaskenpflicht-in-niedersachsen-antworten-auf-haufig-gestellte-fragen-187161.html
Muss ich auf Demonstrationen in Niedersachsen eine Maske tragen?,https://www.niedersachsen.de/Coronavirus/FAQ/alltagsmaskenpflicht-in-niedersachsen-antworten-auf-haufig-gestellte-fragen-187161.html
Was muss ich in Niedersachsen beim Tragen einer Maske beachten?,https://www.niedersachsen.de/Coronavirus/FAQ/alltagsmaskenpflicht-in-niedersachsen-antworten-auf-haufig-gestellte-fragen-187161.html
Welche Testbescheinigung muss ich meinem Arbeitgeber in Niedersachsen zeigen?,https://www.niedersachsen.de/Coronavirus/Testung/hinweise-zur-testung-auf-corona-198156.html
Wo kann ich mich in Niedersachsen testen lassen?,https://www.niedersachsen.de/Coronavirus/Testung/hinweise-zur-testung-auf-corona-198156.html
Was gilt jetzt in Niedersachsen?,https://www.hna.de/lokales/goettingen/corona-verordnung-niedersachsen-regeln-3g-inzidenz-weil-goettingen-90938610.html
Welche Corona-Regeln gelten nun in Niedersachsen?,https://www.hna.de/lokales/goettingen/corona-verordnung-niedersachsen-regeln-3g-inzidenz-weil-goettingen-90938610.html
Was gilt mittlerweile in Niedersachsen?,https://www.hna.de/lokales/goettingen/corona-verordnung-niedersachsen-regeln-3g-inzidenz-weil-goettingen-90938610.html
Gibt es in NRW eine Maskenpflicht?,https://www.land.nrw/de/wichtige-fragen-und-antworten-zum-corona-virus
Was bedeutet die 3G-Regel für NRW?,https://www.land.nrw/de/wichtige-fragen-und-antworten-zum-corona-virus
Wo kann ich mich in NRW impfen lassen?,https://www.land.nrw/de/wichtige-fragen-und-antworten-zum-corona-virus
Können in NRW Kinder geimpft werden?,https://www.land.nrw/de/wichtige-fragen-und-antworten-zum-corona-virus
Wie bekomme ich in NRW einen Impftermin?,https://www.land.nrw/de/wichtige-fragen-und-antworten-zum-corona-virus
Was gilt in NRW für Geimpfte und Genesene?,https://www.land.nrw/de/wichtige-fragen-und-antworten-zum-corona-virus
Muss ich mich in NRW regelmäßig testen lassen?,https://www.land.nrw/de/wichtige-fragen-und-antworten-zum-corona-virus
Welche Testverfahren gibt es in NRW?,https://www.land.nrw/de/wichtige-fragen-und-antworten-zum-corona-virus
Wo kann ich mich in NRW testen lassen?,https://www.land.nrw/de/wichtige-fragen-und-antworten-zum-corona-virus
Gibt es in NRW eine Testpflicht?,https://www.land.nrw/de/wichtige-fragen-und-antworten-zum-corona-virus
Welche Regelungen zur Maskenpflicht gelten in NRW?,https://www.land.nrw/de/wichtige-fragen-und-antworten-zum-corona-virus
Gibt es Ausnahmen bei der Maskenpflicht in NRW?,https://www.land.nrw/de/wichtige-fragen-und-antworten-zum-corona-virus
Welche Regelungen gelten bei der Einreise nach NRW?,https://www.land.nrw/de/wichtige-fragen-und-antworten-zum-corona-virus
Wann muss ich mich in NRW in Quarantäne begeben?,https://www.land.nrw/de/wichtige-fragen-und-antworten-zum-corona-virus
Wann muss ich bei der Quarantäne in NRW beachten?,https://www.land.nrw/de/wichtige-fragen-und-antworten-zum-corona-virus
Was gilt für Getestete und Genesene in NRW?,https://www1.wdr.de/nachrichten/landespolitik/corona-lockdown-regeln-nrw-100.html
Was gilt bei 3G in NRW?,https://www1.wdr.de/nachrichten/landespolitik/corona-lockdown-regeln-nrw-100.html
Ist ein 3G-Nachweis in NRW nötig?,https://www1.wdr.de/nachrichten/landespolitik/corona-lockdown-regeln-nrw-100.html
Wo gibt ein eine Maskenpflicht in NRW?,https://www1.wdr.de/nachrichten/landespolitik/corona-lockdown-regeln-nrw-100.html
Was muss ich beim öffentlichen Personennahverkehr in NRW beachten?,https://www.vm.nrw.de/ministerium/Corona-Virus-in-NRW/Corona-Virus-Massnahmen-im-Bereich-OePNV_Nahverkehr/index.php
Was gilt in Rheinland-Pfalz aktuell?,https://corona.rlp.de/de/aktuelles/corona-regeln-im-ueberblick/
Kann ich in Rheinland-Pfalz in eine Kneipe gehen?,https://corona.rlp.de/de/aktuelles/corona-regeln-im-ueberblick/
Brauche ich in Rheinland-Pfalz für Bars einen Test?,https://corona.rlp.de/de/aktuelles/corona-regeln-im-ueberblick/
Haben in Rheinland-Pfalz die Baumärkte geöffnet?,https://corona.rlp.de/de/aktuelles/corona-regeln-im-ueberblick/
Wie siehts in Rheinland-Pfalz mit dem Camping aus?,https://corona.rlp.de/de/aktuelles/corona-regeln-im-ueberblick/
Kann ich in Rheinland-Pfalz normal mit Bus und Bahn fahren?,https://corona.rlp.de/de/aktuelles/corona-regeln-im-ueberblick/
Kann ich in Rheinland-Pfalz meine praktischen Fahrstunden wahrnehmen?,https://corona.rlp.de/de/aktuelles/corona-regeln-im-ueberblick/
Was gilt in Rheinland-Pfalz auf Spielplätzen?,https://corona.rlp.de/de/aktuelles/corona-regeln-im-ueberblick/
Was gilt in Rheinland-Pfalz bei Gottesdiensten?,https://corona.rlp.de/de/aktuelles/corona-regeln-im-ueberblick/
Welche Regelungen gelten in Hotels in Rheinland-Pfalz?,https://corona.rlp.de/de/aktuelles/corona-regeln-im-ueberblick/
Was ist mit meiner Trauung und Hochzeitsfeier in Rheinland-Pfalz?,https://corona.rlp.de/de/aktuelles/corona-regeln-im-ueberblick/
Kann ich in Rheinland-Pfalz in die Kirche gehen?,https://corona.rlp.de/de/aktuelles/corona-regeln-im-ueberblick/
Was ist mit der Kultur in Rheinland-Pfalz?,https://corona.rlp.de/de/aktuelles/corona-regeln-im-ueberblick/
Brauche ich einen Test für eine Kreuzfahrt in Rheinland-Pfalz?,https://corona.rlp.de/de/aktuelles/corona-regeln-im-ueberblick/
Wo gilt die Maskenpflicht in Rheinland-Pfalz?,https://corona.rlp.de/de/aktuelles/corona-regeln-im-ueberblick/
Kann ich in Rheinland-Pfalz Museen besuchen?,https://corona.rlp.de/de/aktuelles/corona-regeln-im-ueberblick/
Welche Regelungen gelten in den Behörden von Rheinland-Pfalz?,https://corona.rlp.de/de/aktuelles/corona-regeln-im-ueberblick/
Kann ich in Rheinland-Pfalz in die Sauna?,https://corona.rlp.de/de/aktuelles/corona-regeln-im-ueberblick/
Sind die Schwimmbäder in Rheinland-Pfalz offen?,https://corona.rlp.de/de/aktuelles/corona-regeln-im-ueberblick/
Haben die Schwimmbäder in Rheinland-Pfalz geöffnet?,https://corona.rlp.de/de/aktuelles/corona-regeln-im-ueberblick/
Herrscht in den Synagogen von Rheinland-Pfalz eine Testpflicht?,https://corona.rlp.de/de/aktuelles/corona-regeln-im-ueberblick/
Gibt es in Rheinland-Pfalz Ausnahmen für Beerdigungen oder Trauerfeiern?,https://corona.rlp.de/de/aktuelles/corona-regeln-im-ueberblick/
Was steht in Rheinland-Pfalz meinem Theaterbesuch im Weg?,https://corona.rlp.de/de/aktuelles/corona-regeln-im-ueberblick/
Kann ich mich in Rheinland-Pfalz im privaten Raum mit Freunden treffen?,https://corona.rlp.de/de/aktuelles/corona-regeln-im-ueberblick/
Sind in Rheinland-Pfalz Versammlungen erlaubt?,https://corona.rlp.de/de/aktuelles/corona-regeln-im-ueberblick/
Brauche ich in Rheinland-Pfalz einen Test für das Wahllokal?,https://corona.rlp.de/de/aktuelles/corona-regeln-im-ueberblick/
Was ist mit der Gastronomie in Rheinland-Pfalz?,https://corona.rlp.de/de/aktuelles/corona-regeln-im-ueberblick/
Was ist mit den Schulen in Rheinland-Pfalz?,https://corona.rlp.de/de/themen/schulen-kitas/dokumente-kita/
Kann ich mein Kind in Rheinland-Pfalz in die Kita bringen?,https://corona.rlp.de/de/themen/schulen-kitas/dokumente-kita/
Gibt es Präsenzunterricht an den Hochschulen in Rheinland-Pfalz?,https://corona.rlp.de/de/themen/schulen-kitas/dokumente-kita/
Kann meine Tochter im Saarland normal in den Kindergarten?,https://www.saarland.de/DE/portale/corona/faq/bildung-kultur/schulen-kitas/schulen-kitas_node.html
Gilt eine Maskenpflicht an den Unis im Saarland?,https://www.saarland.de/DE/portale/corona/faq/bildung-kultur/schulen-kitas/schulen-kitas_node.html
Herrscht Präsenzunterricht an den Schulen im Saarland?,https://www.saarland.de/DE/portale/corona/faq/bildung-kultur/schulen-kitas/schulen-kitas_node.html
Ist mein Kind in der Kita im Saarland gut aufgeoben?,https://www.saarland.de/DE/portale/corona/faq/bildung-kultur/schulen-kitas/schulen-kitas_node.html
"Muss ich meinem Sohn eine Maske anziehen, wenn ich ihn im Saarland in die Schule bringe?",https://www.saarland.de/DE/portale/corona/faq/bildung-kultur/schulen-kitas/schulen-kitas_node.html
Was gilt aktuell an den Schulen im Saarland?,https://www.saarland.de/DE/portale/corona/faq/bildung-kultur/schulen-kitas/schulen-kitas_node.html
Was gilt aktuell in den Kitas im Saarland?,https://www.saarland.de/DE/portale/corona/faq/bildung-kultur/schulen-kitas/schulen-kitas_node.html
Welche Teststrategien gibt es an den Schulen im Saarland?,https://www.saarland.de/DE/portale/corona/faq/bildung-kultur/schulen-kitas/schulen-kitas_node.html
Muss mein Kind sich in den Schulen im Saarland testen lassen?,https://www.saarland.de/DE/portale/corona/faq/bildung-kultur/schulen-kitas/schulen-kitas_node.html
"Braucht meine Tochter ein Test, wenn sie im Saarland in die Kita geht?",https://www.saarland.de/DE/portale/corona/faq/bildung-kultur/schulen-kitas/schulen-kitas_node.html
"Braucht mein Sohn einen Test, wenn er im Saarland in die Schule geht?",https://www.saarland.de/DE/portale/corona/faq/bildung-kultur/schulen-kitas/schulen-kitas_node.html
"Was ist, wenn mein Sohn dieses Jahr im Saarland versetzungsgefährdet ist?",https://www.saarland.de/DE/portale/corona/faq/bildung-kultur/schulen-kitas/schulen-kitas_node.html
Welche schulische Veranstaltungen sind an Schulen im Saarland erlaubt?,https://www.saarland.de/DE/portale/corona/faq/bildung-kultur/schulen-kitas/schulen-kitas_node.html
Wie ist der unterricht an Schulen im Saarland organisiert?,https://www.saarland.de/DE/portale/corona/faq/bildung-kultur/schulen-kitas/schulen-kitas_node.html
Welche Lehrangebote bieten die Schulen im Saarland an?,https://www.saarland.de/DE/portale/corona/faq/bildung-kultur/schulen-kitas/schulen-kitas_node.html
Gibt es in den Schulen im Saarland eine Maskenpflicht?,https://www.saarland.de/DE/portale/corona/bildung-kultur/bildung/aktuelles-bildung/aktuelles-bildung_node.html
Muss mein krankes Kind im Saarland in Quarantäne?,https://www.saarland.de/DE/portale/corona/bildung-kultur/bildung/aktuelles-bildung/aktuelles-bildung_node.html
Was gilt momentan für den Sport im Saarland?,https://www.saarland.de/DE/portale/corona/faq/haeufigste-fragen/sportbetrieb/sportbetrieb_node.html
Müssen sich Minderjährige für den sport im Saarland ebenfalls testen lassen?,https://www.saarland.de/DE/portale/corona/faq/haeufigste-fragen/sportbetrieb/sportbetrieb_node.html
Wie viele Menschen dürfen im Saarland zusammen trainieren?,https://www.saarland.de/DE/portale/corona/faq/haeufigste-fragen/sportbetrieb/sportbetrieb_node.html
Sie die Fitnessstudios im Saarland geöffnet?,https://www.saarland.de/DE/portale/corona/faq/haeufigste-fragen/sportbetrieb/sportbetrieb_node.html
Gibt es im Saarland einen Unterschied zwischen Sport drinnen und draußen?,https://www.saarland.de/DE/portale/corona/faq/haeufigste-fragen/sportbetrieb/sportbetrieb_node.html
Darf ich mich im Saarland nach dem Sport duschen?,https://www.saarland.de/DE/portale/corona/faq/haeufigste-fragen/sportbetrieb/sportbetrieb_node.html
Gilt eine Maskenpflicht für kulturelle Einrichtungen in Sachsen?,https://www.coronavirus.sachsen.de/kultur-und-tourismus-4140.html
Welche Teststrategien gibt es an den Schulen in Sachsen-Anhalt?,https://mb.sachsen-anhalt.de/themen/schule-und-unterricht/schulbetrieb-in-der-corona-pandemie/
Gilt eine Maskenpflicht an den Schulen von Sachsen-Anhalt?,https://mb.sachsen-anhalt.de/themen/schule-und-unterricht/schulbetrieb-in-der-corona-pandemie/
Herrscht Präsenzunterricht an den Schulen von Sachsen-Anhalt?,https://mb.sachsen-anhalt.de/themen/schule-und-unterricht/schulbetrieb-in-der-corona-pandemie/
Muss mein Kind an den Schulen von Sachsen-Anhalt eine Maske tragen?,https://mb.sachsen-anhalt.de/themen/schule-und-unterricht/schulbetrieb-in-der-corona-pandemie/
"Muss ich meinem Sohn eine Maske anziehen, wenn ich ihn in Sachsen-Anhalt in die Schule bringe?",https://mb.sachsen-anhalt.de/themen/schule-und-unterricht/schulbetrieb-in-der-corona-pandemie/
Was gilt aktuell an den Schulen in Sachsen-Anhalt ?,https://mb.sachsen-anhalt.de/themen/schule-und-unterricht/schulbetrieb-in-der-corona-pandemie/
Was gilt aktuell in den Kitas in Sachsen-Anhalt?,https://mb.sachsen-anhalt.de/themen/schule-und-unterricht/schulbetrieb-in-der-corona-pandemie/
Gibt es eine Präsenzpflicht an den Schulen von Sachsen-Anhalt?,https://mb.sachsen-anhalt.de/themen/schule-und-unterricht/schulbetrieb-in-der-corona-pandemie/
Was gilt aktuell in Schleswig-Holstein?,https://www.schleswig-holstein.de/DE/Schwerpunkte/Coronavirus/Allgemeines/allgemeines_node.html
Wie sieht es mit den Impfungen in Schleswig-Holstein aus?,https://www.schleswig-holstein.de/DE/Schwerpunkte/Coronavirus/Allgemeines/allgemeines_node.html
Was ist mit Urlaub in Schleswig-Holstein?,https://www.schleswig-holstein.de/DE/Schwerpunkte/Coronavirus/Allgemeines/allgemeines_node.html
Was ist der aktuelle Stand an den Kitas und Schulen von Schleswig-Holstein?,https://www.schleswig-holstein.de/DE/Schwerpunkte/Coronavirus/FAQ/Dossier/Kita.html
Was gilt für kranke Kinder in Schleswig-Holstein?,https://www.schleswig-holstein.de/DE/Schwerpunkte/Coronavirus/FAQ/Dossier/Kita.html
Was gilt allgemein für Sport in Schleswig-Holstein?,https://www.schleswig-holstein.de/DE/Schwerpunkte/Coronavirus/FAQ/Dossier/Sport.html
Gibt es Ausnahmen für Berufsportler in Schleswig-Holstein?,https://www.schleswig-holstein.de/DE/Schwerpunkte/Coronavirus/FAQ/Dossier/Sport.html
Welche Verordnungen gelten aktuell in Thüringen?,https://corona.thueringen.de/
Was ist die Corona-Warn-Ampel?,https://www.mv-corona.de/news/so-funktioniert-die-neue-corona-ampel
Was gilt aktuell in Thüringen?,https://www.mdr.de/nachrichten/thueringen/th-thema-corona-virus-ueberblick-100.html
Was muss ich momentan in Thüringen beachten?,https://www.mdr.de/nachrichten/thueringen/th-thema-corona-virus-ueberblick-100.html
Welche Corona-Regeln gelten in Thüringen?,https://www.mdr.de/nachrichten/thueringen/th-thema-corona-virus-ueberblick-100.html
Wo erfahre ich mehr über die Corona-Impfung in Thüringen?,https://www.mdr.de/nachrichten/thueringen/th-thema-corona-virus-ueberblick-100.html
Gibt es eine 3G-Regel in Thüringen?,https://www.mdr.de/nachrichten/thueringen/th-thema-corona-virus-ueberblick-100.html
Gibt es neue Corona Verordnungen in Thüringen?,https://www.mdr.de/nachrichten/thueringen/corona-verordnung-august-neu-100.html
Was gilt denn nun in Thüringen?,https://www.mdr.de/nachrichten/thueringen/corona-verordnung-august-neu-100.html
Haben die neuen Regeln in Thüringen Auswirkungen auf Hotels?,https://www.mdr.de/nachrichten/thueringen/corona-verordnung-august-neu-100.html
Wer ist in Hessen Impfberechtigt?,https://corona-impfung.hessen.de/fragen-und-antworten-zum-impfen-in-hessen
Welche Informationen gibt es über die Impfung in Hessen?,https://corona-impfung.hessen.de/fragen-und-antworten-zum-impfen-in-hessen